{"cameraMode":{"drawMode":0,"name":"Shaded","section":"Shading Mode"},"sceneLighting":true,"audioPlay":false,"sceneViewState":{"m_AlwaysRefresh":false,"showFog":true,"showSkybox":true,"showFlares":true,"showImageEffects":true,"showParticleSystems":true,"showVisualEffectGraphs":true,"m_FxEnabled":true},"in2DMode":false,"pivot":{"x":-0.6838868856430054,"y":-1.1880135536193848,"z":0.15116795897483827},"rotation":{"x":0.01049849670380354,"y":-0.016497978940606118,"z":0.00017331104027107358,"w":0.9998109340667725},"size":7.634177207946777,"orthographic":false}