{"cameraMode":{"drawMode":0,"name":"Shaded","section":"Shading Mode"},"sceneLighting":true,"audioPlay":false,"sceneViewState":{"m_AlwaysRefresh":false,"showFog":true,"showSkybox":true,"showFlares":true,"showImageEffects":true,"showParticleSystems":true,"showVisualEffectGraphs":true,"m_FxEnabled":true},"in2DMode":false,"pivot":{"x":-3.725290298461914e-9,"y":-2.421438694000244e-8,"z":-8.381903171539307e-8},"rotation":{"x":0.02144736424088478,"y":0.8287727236747742,"z":-0.031837932765483859,"w":0.5582716464996338},"size":0.06817954033613205,"orthographic":false}