{"cameraMode":{"drawMode":0,"name":"Shaded","section":"Shading Mode"},"sceneLighting":true,"audioPlay":false,"sceneViewState":{"m_AlwaysRefresh":false,"showFog":true,"showSkybox":true,"showFlares":true,"showImageEffects":true,"showParticleSystems":true,"showVisualEffectGraphs":true,"m_FxEnabled":true},"in2DMode":false,"pivot":{"x":-7.243113994598389,"y":-0.7175250053405762,"z":8.102249145507813},"rotation":{"x":0.6723636388778687,"y":0.0011103336000815034,"z":-0.0010085308458656073,"w":0.7402201890945435},"size":22.722463607788087,"orthographic":false}