{"cameraMode":{"drawMode":0,"name":"Shaded","section":"Shading Mode"},"sceneLighting":false,"audioPlay":false,"sceneViewState":{"m_AlwaysRefresh":false,"showFog":false,"showSkybox":false,"showFlares":false,"showImageEffects":false,"showParticleSystems":false,"showVisualEffectGraphs":true,"m_FxEnabled":true},"in2DMode":false,"pivot":{"x":0.1676081120967865,"y":0.09537047892808914,"z":-0.21933613717556},"rotation":{"x":-0.0002619018778204918,"y":0.9885789155960083,"z":-0.150926411151886,"w":-0.0014950881013646722},"size":1.3164420127868653,"orthographic":false}